{
  "project_info": {
    "project_number": "498801508247",
    "firebase_url": "https://easytourmanagement.firebaseio.com",
    "project_id": "easytourmanagement",
    "storage_bucket": "easytourmanagement.appspot.com"
  },
  "client": [
    {
      "client_info": {
        "mobilesdk_app_id": "1:498801508247:android:e87e622726d8b190",
        "android_client_info": {
          "package_name": "com.example.muhammad.easytour"
        }
      },
      "oauth_client": [
        {
          "client_id": "498801508247-35unahuvdcu9tdd0gfo9l7283me86kop.apps.googleusercontent.com",
          "client_type": 3
        }
      ],
      "api_key": [
        {
          "current_key": "AIzaSyAhlfLuyoEDzNEvUpjn5cOnlSY6uWylbYc"
        }
      ],
      "services": {
        "analytics_service": {
          "status": 1
        },
        "appinvite_service": {
          "status": 1,
          "other_platform_oauth_client": []
        },
        "ads_service": {
          "status": 2
        }
      }
    }
  ],
  "configuration_version": "1"
}